{"lll":[
    {"source": [49.7838548, 9.96214161002731], "target": [54.0731702, 7.45860589983153]},
    {"source": [49.7838548, 9.96214161002731], "target": [37.3891928, 11.3932017193474]},
    {"source": [49.7838548, 9.96214161002731], "target": [56.9832829, 21.3739292727278]}
]}
